1,213,GRANULE SOL.BUV/SACHETS,GRAN.SOL.BUV/SACHETS
2,214,PDE ORAL EFF.SACHET,PDE ORAL EFF.SACHET
3,215,CP DISP.SEC,CP DISP.SEC
4,216,PDE+SOL/SOL INJ IM LP,PDE+SOL/SOL INJ IMLP
5,217,SUSP.INJ CARTOUCHE,SUSP.INJ CARTOUCHE
6,218,"CP,PEL,SEC","CP,PEL,SEC"
7,219,SUSP P/INHAL PAR NEBULISATEUR RECIPIENTS UNIDOSES,SUSP P/INHAL NEB REC
8,220,PDE P/INHAL BUCCALE,PDE P/INHAL BUCCALE
9,221,MICROG LP EN GLES,MICROG LP EN GLES
10,222,COMP.ENROB.SEC,COMP.ENROB.SEC
11,223,CAPSULE MOLLE,CAPSULE MOLLE
12,224,PDRE LYOPH P/INJ,PDRE LYOPH P/INJ
13,225,SUPPO SEC.,SUPPO SEC.
14,226,IMPLANT S/C.,IMPLANT S/C.
15,227,COMPRIME ENRO GR .,COMP ENRO GR .
16,228,PDR.SOLV.P/SUSP INJ,PDRE SOLV P/SUSP INJ
17,229,COMPRIME LIBERATION MODIFIEE.,CP LIBERATION MODIFI
18,230,PDRE SOLV P/SOL INJ,PDRE SOLV P/SOL INJ
19,231,COMP.ORO DISP,COMP ORO DISP
20,232,CAPS LP,CAPS LP
21,233,COMP QUADRI SECABLE,COMP QUADRI SECABLE
22,234,COMP.EFF.SEC,COMP.EFF.SEC.
23,235,COMPRIME A MACHER,COMP.MACHER
24,236,COMRIME LYOC,COMP.LYOC
25,237,BANDELETTE,BANDELETTE
26,238,PREPARATION,PREPARATION
27,239,GLES GR LP,GLES GR LP
28,240,CAPS.MOL.ORAL OU VAG,CAPS. MOL ORAL
29,241,SOLUTION BUVABLE AMPOULE,SOL.BUV.AMP
30,242,GEL P/APPLICATION LOCAL,GEL P/APPLI LOC
31,243,COMP PELL.A.LIB.MOD,COMP PELL.A.LIB.MOD
32,244,SOL POUR APPL LOCALE,SOL APPL LOC
33,245,GEL BUCC,GEL BUCC
34,246,SOL P/APPL CUTANEE,SOL.APP.CUT
35,247,SOL FILMOG‚NE P/APPL LOC,SOL FILMOG.APPL.L
36,248,PDRE SOLV/SOL.INJ.MULTIDOSE.SC,PDR.SOLV/SOL.INJ.SC
37,249,SOL.INJ.SC.STYLO.PREREMPLI,SOL.INJ.SC.STYL.PRER
38,250,PDRE+SOL.P/SOL.INJ SC,PDRE+SOL.P/SOL.INJSC
39,251,PDRE ORALE EFFE,PDRE ORALE EFFE
40,253,COMP LYOPH ORAL,COMP.LYOPH.ORAL
41,254,PDRE.SOL BUV SACHETS,PDR.SOL.BUV.SACHET
42,255,OVULE A LIB PROL,OVULE … LIB PROL
43,256,SIROP 15%,SIROP 15%
44,257,SOL.INJ S/C CARTOUCHE 3ML,SOL.INJ CARTOUCH 3ML
45,258,SOL.INJ.SERING PRE/REMPLI,SOL.INJ.SER PRE/REMP
46,259,COLLYRE/SOL AURIC/SOL NASAL,COLL/SOL.AURI/SOL.NA
47,260,COLLYRE SOL.LIB PRO,COLLYRE.SOL.LIB.PRO
48,261,SOL P/PULV BUCCALE,SOL P/PULV BUCCALE
49,262,COMP PELL A LIB PRO,COMP PELL A LIB PRO
50,263,PDRE.SOL.INJ.PARENT,PDRE.SOL.INJ.PARENT
51,264,POUDRE DERMIQUE,PDRE DERMQUE
52,265,PDRE P/PREP INJ VOIE IV,PDRE PREP INJ IV
53,266,COMP ENROB G.R,COMP ENROB G.R
54,267,GOUTTES BUVABLES,GTE BUV
55,268,SOL BUV PEDIATRIQUE,SOL BUV PADIATRIQ
56,269,PDRE P.SOL BUV,PDRE SOLUTION BUVABL
57,270,CP ENRO GASTR RESIST,COMP ENROB GAST ENRO
58,271,EMULSION GEL,EMULSION GEL
59,272,COMP ENROB PELL SEC,COMP ENROB PELL SEC
60,273,COMP PELL QUADRISEC,COMP PELL QUADRISEC
61,274,SOL INJ IM/IV SC,SOL INJ IM/IV SC
62,275,GLE/MIC GRAN GAS/RESI,GLE/MIC/GRAN/G/RESIS
63,276,GRAN P/SUSP BUV SACHETS,GRAN P/SUSP BUV SACH
64,277,COMP ORO DISP,COMP ORO DISP
65,278,SUSP BUV GTTES,SUSP BUV GTTES
66,279,PDRE SUSP BUV SACHET,PDRE SUSP BUV SACHET
67,280,SUSP POUR INHAL BUC,SUSP POUR INHAL BUC
68,281,PDRE SOLV/SUSP INJIM,PDRE SOLV/SUSP INJIM
69,282,PDR P/INHAL GLES+INHALATEUR,PDR P/INHAL GLES+INH
70,283,COMP DISPER SEC,COMP.DISP.SEC
71,284,PDRE.SOL INJ.IV OU PERFUSION,PDRE.SOL.INJ.IV.PER
72,285,COLLYRE EN SOLUTION,COLLYRE.SOL
73,286,COMP.ORO.DISP.SEC,COMP.ORO.DISP.SEC
74,287,MICRO.SOL.PARE(SC/IM)LP,MICROS.SOL.USA.PAREN
75,288,SHAMPOING,SHAMPOING
76,289,SOL INJ.SC/FLACON,SOL.INJ.SC.FLACON
77,290,GRAN.P/SOL BUVABLE,GRAN.SOL.BUV
78,291,EMPLATRE,EMPLATRE
79,292,GLES.GAST RESIST,GLES.GAST.RES
80,293,GLES/COMP.PELL,GLES.COMP.PELL
81,294,SOL.AURI.STERILE,SOL.AURI.STERILE
82,295,SUSP .SPRAY NASALE,SUSP.SPRAY.NASALE
83,296,GRAN SACHET,GRAN SACHET
84,297,SOL.INJ.SER.PR/RE.SC,SOL.INJ SER.PRE.REMP
85,298,PDRE P/INHAL EN GLES,PDRE P/INHAL EN GLES
86,299,COMP.PELL.LP,COMP.PELL.LP
87,300,SOL.INJ.SERG.PREM.IM,SOL.INJ.SER.PRREM.IM
88,301,PDRE.INHAL.DISKUS,PDRE.INHAL.DISKUS
89,302,PDRE+SOLV/SUS+INJ(SC/IM)LP,PDR/SOL/SUS/ONJ(SCIM
90,303,PDRE INHAL BUC GLES,PDRE.INHA.BUCCA.GLES
91,304,SUSP INJ EN FLACON,SUSP.INJ.EN FL
92,305,SUSP.INJ EN S/C,SUSP.INJ S/C
93,306,PDR+SOLV /SOL.INJ.IM,PDR SOLV SOL INJ IM
94,307,A‚ROSOL P/INHALATION,AERO P INHALATION
95,308,GOUTTES OPHTAL,GOUTTES OPHTAL*
96,309,SOL.BUV.SANS SUCRE,SOL.BUV.SANS SUCRE
97,310,COMP PELL SEC LP,COMP.PELL.SEC.LP
98,311,CAPS.MOL OU VAGINALE,CAPS.MOLLEOU VAGINAL
99,312,GELUL.MICRO GR/LP,GELUL.MICRO GRANS LP
100,313,SPRAY NASAL,SPRAY NASAL
101,314,OVULE LP,OVULE LP
102,315,GLES/DOUBLE LIB,GLE … BOUBLE LIB
103,316,SOL/DILUER P/PERF/IV,SOL/DILLUER/ PERF/IV
104,317,PDRE LYOPH+SOLV P/SOL … DILLUER POUR PERFUSION IV,PDR/LYO/SOLV/PERF IV
105,318,SOL.INJ.SC.LP SERG PR‚ REMPLIE,SOL.INJ.SC.LP SER PR
106,319,SPRAY P/INHAL BUCCALE,SPRAY P/INHAL BUCCAL
107,320,SPRAY BUCCAL,SPRAY BUCCAL
108,321,PDRE.ORALE SACHET,PDR.ORALE.SACHET
109,322,SOL BUV ENFANT,SOL BUV ENFANT
110,323,SOL BUV ENF/NOURRISON,SOL BUV ENF/NOURRISO
111,324,PDR+SOLVP/SOLINJIMLP,PDR+SOLVP/SOLINJIMLP
112,325,GLES/MICR/GAST/RESI LP,GLS/MICR/GAST/RESIST
113,326,GLES MICROGRANUL LP,GLES MICROGRANUL LP
114,327,PDR+SOLV PS/INJ.IMIV,PDR+SOLV P/SOLINJIMI
115,328,COMP.PELLI … LIB MOD,COMP.PELLI … LIB MOD
116,329,SOL INJ S/C.I/V CAR P/STYLO,NULL
117,330,SUSP BUV P/ENF NOURI,SUSP.BUV P/ENF NOURI
118,999,NULL,NULL
119,331,"SUSP,BUV, EN SACHET","SUSP,BUV,EN SACHET"
120,332,GEL.APPLI.CAPILLAIRE,GEL.APPL.CAPILLAIRE
121,333,SUSP.INJ.SC.CART.STY,SUSP.INJ.SC/CART.STY
122,334,SOL.INJ/STY.PRE.SC,SOL.INJ.EN/STY.PRE.S
123,335,SOL.INJ/STY.PREREM,SOL.INJ.EN/STY.PRERE
124,336,COLLY.SOL.REC.UNIDOSE,COLLY.SOL.REC.UNIDOS
125,337,COMP.ENROB.ENTERIQUE,COMP.ENROB.ENTERIQUE
126,338,GEL.P/APPL.LOCALE1%,GEL .P/APPL.LOCALE1%
127,339,GEL P/APPL CUTANEE,GEL P/APPL CUTANEE
128,340,COMPRIME ENROBE LP,COMP ENROB LP
129,341,SOL CONCENT P/PERF I.V,SOL CONCT P/PERF I.V
130,342,PDR SOLVP/SUSP.INJ IM/IV,PDR SLV/SUSP.INJIMIV
131,343,MICROGRAN EN GLES,MICROGRAN EN GLES
132,344,MICROGRAN LP EN GLES,MICROGRAN LP EN GLES
133,345,SOL.INJ.SC.IV INTRAVASCULAIRE,SOL.INJ.SC.IV INTRAV
134,346,PLETS MICROG GLES LP,PLETS MICROG GLES LP
135,347,SUSP P/PULV NASALE,SUSP P/PULV NASALE
136,348,COMP PELL LIB MODIF,COMP PELL LIB MIDIF
137,349,SOL INJ IV/PERF IV,SOL INJ IV/PERF IV
138,350,MICGR GAST RESIS GLS,MICGR GAST RESIS GLS
139,351,LOTION DERMIQ,LOTION DERMIQ
140,352,COMP PELL GAST RESIST,COMP PELL GAST RESIS
141,353,PDRE P/SUSP.BUV.ENFANT ET NOURISSON,PDR P/SUSP.BUV.EF.NR
142,354,PDRE.P/SUSP.BUV EN SACHET-DOSE,PDRE.P/SUSP.BUV.SACH
143,355,PDR P/SUSP BUV ADULT,PDR P/SUSP BUV ADULT
144,356,COMP QUADRISECABLE,COMP QUADRISECABLE
145,357,PDRE P/SUSP BUV ENFT,PDRE P/SUSP BUV ENFT
146,358,OVULE VAGINALE,OVULE VAGINALE
147,359,SOL BUV COMPT GOUTTE,SOL BUV COMPT GOUTTE
148,360,SOL ORAL EN GOUTTES,SOL ORAL EN GOUTTES
149,361,GEL MOUSS RECP UNIDO,GEL MOUSS RECP UNIDO
150,362,LOTION DERMIQUE,LOTION DERMIQUE
151,363,SOL.INJ.S/C SERG PRER,SOL.INJ.S/C SERG PRE
152,364,SOL.INJ.SC.EN MULTIDOSE,SOL.INJ.SC.EN MULTID
153,365,LYOPH.ORAL SUBLINGUAL,LYOPH.ORAL SUBLINGUA
154,366,PDRE.ET SOLV.P/SOL.INJ.SC,PDRE SOLV P/SOLINJSC
155,367,COLLYRE EN SUSPENSION,COLLYRE EN SUSPENSIO
156,368,SUSP.INJ.SC EN STYLO PREREMPLI,SUSP.INJ.SC STL PREM
157,369,PDR.LYOPH.P/PERFUSION IV,PDR.LYOPH.P/PERFU IV
158,370,LYOPH SOL INJ IV,LYOPH.SOL.INJ.IV.
159,371,PDRE P/INHAL,PDRE P/INHAL
160,372,SUSP.INJ.IM/IL,SUSP.INJ.IM/IL
161,373,PD.P/INHAL.GLES INHAL,PDR.P/INHAL.GLES INH
162,374,PD P/SUSP B.SACH ENF,PDR P/SUS B.SACH ENF
163,375,SUSP.INJ.IM OU LOCALE,SUSP.INJ.IM OU LOCAL
164,376,COLLYRE EN SOLUTION  SANS CONSERVATEUR,COLLY SOL SANS CONSV
165,377,GEL OPHTALMIQUE EN RECIPIENT  UNIDOSE,GEL OPH RECIP UNDOSE
166,378,SOL. A USAGE EXTERNE,SOL. A USAGE EXTERNE
167,379,SOL.MOUSSANTE,SOL.MOUSSANTE
168,380,SUSP.BUV.GOUT MENTHE,SUSP.BUV.GOUT MENTHE
169,381,GRAN.P/SUSP.BUV.,GRAN.P/SUSP.BUV.
170,382,PDR P/SOLBUV OU GAST_ENTERALE,PD P/SOL BUV OU GAST
171,383,COMP.DISP.ET ORODISP.,COMP.DISP.ET ORODISP
172,384,"SOL.INJ.IV LENTE,IM","SOL.INJ.IV LENTE,IM"
173,385,EMULSION FLUIDE(LAIT DERMIQUE),EMULSION FLUIDE
174,386,COMP A L.M,COMP A L.M
175,387,PD.P/SOLBUV ENT SACHET,PD.P/SOLBUV ENT SACH
176,388,MICRO.GRAN SACH DOSE,MICRO.GRAN SACH DOSE
177,389,SOL.INSTILL AURICUL,SOL.INSTILL AURICUL
178,390,LOTION P/APPLI LOCAL,LOTION P/APPLI LOCAL
179,391,COMP DISP,COMP DISP
180,392,MICROGR … LP SACHETS,MICROGR … LP SACHETS
181,393,SOLINJ.SER.PRE.IV/IM,SOLINJ.SER.PRE.IV/IM
182,394,PDR.SOL BUV SACH DOSE,PRD.SOLBUV SACH DOSE
183,395,PDR P/SOL BUV SACHETS,PDR P/SOL BUV SACHET
184,001,AEROSOL,AERO.
185,002,AMPOULE,AMP.
186,003,AMPOULE BUVABLE,AMP.BUV.
187,004,AMPOULE INJECTABLE,AMP.INJ.
188,005,BOITE,BTE.
189,007,CAPSULE,CAPS.
190,008,CAPSULE SPINHALER,CAPS.+SPINA
191,009,CAPSULE VAGINALE,CAPS.VAG.
192,010,CARPULE,CARP.
193,011,CARTOUCHE,CART.
194,012,COLLUTOIRE,COLLU.
195,013,COLLYRE,COLLY.
196,014,COMPRIME,COMP.
197,015,COMP. EFFERVESCENT,COMP.EFFER.
198,016,COMPRIME OU GELULE,COMP.OU GLES
199,017,COMPRIME GENECOLOGIQUE,COMP.GYNECO.
200,018,COMPRIME INHALATION,COMP.INHAL
201,019,CORRICIDE,COR.
202,020,CREME,CRE.
203,021,DRAGEE,DRG.
204,022,FLACON,FL.
205,023,GEL,GEL
206,024,GEL DERMIQUE,GEL.DERM.
207,025,GEL (FLACON MONODOSE),GEL.FL.MONODOSE
208,026,GEL RECTAL,GEL.RECT.
209,027,GELULES,GLES.
210,028,GELULE MICRONISEE,GLES.MICRON.
211,029,GRAND MODELE,GM.
212,030,GRANULE,GRLES.
213,031,GOUTTES BUVABLES,GTTES.BUV.
214,032,INJECTABLE,INJ.
215,033,INJECTABLE FLACON UNIDOSE,INJ.FL.
216,034,INJECTION INTRA-DERMIQUE,INJ.ID.
217,035,INJECTION SOUS CUTANEE OU INTRA-MUSCULAIRE,INJ.SC.OU IM.
218,036,LIQUIDE,LIQ.
219,037,LIQUIDE STERILE,LIQ.STER.
220,038,MOUSSE RECTALE,MOUS.RECT.
221,039,OVULE,OV.
222,040,POMMADE,PDE.
223,041,POMMADE DERMIQUE,PDE.DERM.
224,042,POMMADE OPHTALMIQUE,PDE.OPHT.
225,043,POUDRE,PDRE.
226,044,POUDRE (AEROSOL),PDRE.AERO.
227,045,POUDRE FLACON,PDRE.FL.
228,046,POUDRE LOCALE,PDRE.LOC.
229,047,POUDRE ORALE,PDRE.OR.
230,048,POUDRE RECTALE,PDRE.RECT.
231,049,PDR.P/SOL.BUV(SACHET),PDRE.SOL.BUV.
232,050,POUDRE SOLUTION INTRADISCALE,PDRE.SOL.I-DISC
233,051,PDRE P/SOL INJECTABLE,PDRE.SOL.INJ.
234,052,POUDRE POUR SOLUTION INJECTABLE INTRA-MUSCULAIRE,PDRE.SOL.INJ.IM
235,053,POUDRE POUR SOLUTION INJECTABLE INTRA-VEINEUSE,PDRE.SOL.INJ.IV
236,054,PDR.SUSP.BUVABLE,PDRE.SUSP.BUV.
237,055,PETIT MODELE,PM.
238,056,SIROP,SIR.
239,057,SIROP ADULTE,SIR.AD.
240,058,SIROP ENFANT,SIR.ENF.
241,059,SIROP NOURRISSON,SIR.NOUR.
242,060,SOLUTION,SOL.
243,061,SOLUTION NON INJECTABLE,SOL. NON INJ.
244,062,SOLUTION AEROSOL,SOL.AERO.
245,063,SOLUTION AQUEUSE,SOL.AQ.
246,064,SOLUTION AQUEUSE CRISTALLINE,SOL.AQ.CRIST.
247,065,SOLUTION AURICULAIRE,SOL.AURI.
248,066,SOLUTION BUVABLE,SOL.BUV.
249,067,SOLUTION BUVABLE /SOLUTION RECTALE,SOL.BUV./RECT.
250,068,SOLUTION BUV GTTES,SOL.BUV.GTTES.
251,069,SOLUTION DERMIQUE,SOL.DERM.
252,070,SOLUTION INHALATION,SOL.INHAL.
253,071,SOLUTION INJECTABLE,SOL.INJ.
254,072,SOL INJ INTRA-MUSCULAIRE,SOL;INJ.IM.
255,073,SOL.INJ.IV,SOL.INJ.IV.
256,074,SOLUTION INJECTABLE INTRA-VEINEUSE POUR PERFUSION,SOL.INJ.IV.PERF
257,075,SOL INJ SC,SOL.INJ.SC.
258,076,SOLUTION INTRA-RACHIDIENNE,SOL.IR.
259,077,SOLUTION POUR LAVAGE DU SINUS,SOL.LAV.SINUS.
260,078,SOLUTION NASALE,SOL.NAS.
261,079,SOLUTION NEBULISEUR,SOL.NEBUL.
262,080,SOLUTION NON INJECTABLE,SOL.NON INJ.
263,081,SOLUTION OPHTALMIQUE,SOL.OPHT.
264,082,SOLUTION RECTALE,SOL.RECT.
265,083,SOLUTE BUVABLE,SOLUTE BUV.
266,084,SUPPOSITOIRE,SUPPO.
267,085,SUPPOSITOIRE ADULTE,SUPPO.AD.
268,086,SUPPOSITOIRE ENFANT,SUPPO.ENF.
269,087,SUSPENSION,SUSP.
270,088,SUSPENSION BUVABLE,SUSP.BUV.
271,089,SUSPENSION INJECTABLE,SUSP.INJ.
272,090,SUSPENSION NASALE,SUSP.NAS.
273,091,SUSPENSION ORL,SUSP.ORL.
274,092,SUSPENSION RECTALE,SUSP.RECT.
275,093,TABLETTE,TABL.
276,006,BOUFFEE,BOUF.
277,094,SPRAY,SPRAY
278,095,PASTILLE,PASTI
279,096,SOL.INJ.PERF,SOL.INJ.PERF
280,097,PATCH,PATCH
281,098,TAMPON,TMP
282,099,LAIT,LAIT
283,100,LOTION,LOTION
284,101,APG (TUBE 15G),APG
285,102,INDICE UVA,IND UVA
286,103,INDICE UVB,IND UVB
287,104,POUDRE SUSPENTION,PDR.SUSP
288,105,PATE,PATE
289,106,POUDRE SUSPENSION ORALE,PDR SUSP OR
290,107,TIMBRE,TIMB
291,108,SOLUTION SUSPENSION INJECTABLE,SOL.SUSP.INJ
292,109,INJECTION INTRA-VEINEUSE,INJ.IV
293,110,SACHET,SCHT
294,111,STERILET,STRL
295,112,EPONGE,EPG
296,113,GAZE,GZE
297,114,COFRET,CRFT
298,115,PDRE SOL INJEC IM/IV,PDRE SOL INJ IV/IM
299,116,VACCIN,VACC
300,117,ORALE FLACON,OR(FL)
301,118,INJECTABLE SOUS-CUTANE INTRAVEINEUSE,INJ SC/IV
302,119,EAU DISTILLE,EAU.DIST
303,120,BUVABLE,BUV
304,121,STERILLE,STRL
305,122,POCHET,PCHT
306,123,LANGUETTES,LGTS
307,124,AEROSOL,AERO
308,125,SUPPOSITOIRES NOURRISSON,SUPPO.NOUR
309,126,ORL,ORL
310,127,BAIN DE BOUCHE,B.B
311,128,TABLETTE,TABL
312,129,GEL GENGIVAL,GEL.GENG
313,130,AMPOULE INJECTION PERFUSION,AMP.INJ.PERF
314,131,GLUCOSE LITTRE,GLUCO.LITR
315,132,POCHE,POCH
316,133,POCHE 1 LITRE,POCH.1LIT
317,134,CRAYON,CRAY
318,135,SPECIAL PLAQUETTES,SPC.PLAQ
319,136,CREME VAGINALE,CRE.VAG.
320,137,COMPRIME A CROQUER,COMP. A CROQUER
321,138,PERE.FLACON,PERE.FLACON
322,139,COMPRIME A SUCER,COMP.SUCER
323,140,GEL OPHTALMIQUE,GEL OPHTALMIQUE
324,141,SOLUTION INJECTABLE PERFUSION,SOL.INJ.PERF.
325,143,COMP.PELLICULE,COMP.PELLI
326,144,COMP./DRG./CAPS.,COMP./DRG./CAPS
327,145,SOLUTION NASALE/SPRAY,SOL.NASAL/SPRAY
328,142,POUDRE OPHTALMIQUE,PDE.OPHT.
329,146,COMPRIME/GELULES/CAPSULES,COMP/GLES/CAPS.
330,148,"CRTOUCHE 1,5ML","CART.1,5ML"
331,149,CARTOUCHE 3ML,CART.3ML
332,147,POUDRE PERFUSION INTRA-VEINEUSE,PDRE.PERF.IV.
333,150,GRANULES SUSP/BUVABLE,GRLES.SUSP.BUV.
334,151,GEL APPLICATION CUTANEE,GEL.APP.CUTANEE
335,152,COMPRIME SEC.,COMP.SEC.
336,153,LYOPHILI.INJ,LYOPHILI.INJ
337,154,CREME DERMIQUE,CRE.DERMIQUE
338,155,COMP.GAST.RESISTANTS,COMP.GASTRO.RES
339,156,COMPRIME ENROB.,COMP.ENRO.
340,157,MECHE,MECHE
341,158,LOTION P/APP.DERMIQUE,LOTION DERM.
342,159,POUDRE.SOL.INJ.IV/IM,PDRE.S.INJ.IVIM
343,160,POUDRE A USAGE PARENTALE,PDRE.USAGE.PARE
344,161,COMP PELL.SEC,COMP.PELLI.SEC
345,162,COMPRIME DRAGE,COMP.DRAG.
346,163,LIOPHILISAT A USAGE PARENTAL,LOPHILI.US.PARE
347,164,COMPRIME ENROBE LP.,COMP.ENRO.LP.
348,165,AMPOULE INJ.IV.,AMP.INJ.IV.
349,166,LAIT DERMIQUE,LAIT.DERM.
350,167,GLES.MICR0GRAN/GAST.RESIST,GLES MIC/GRA.GAST.RE
351,168,ANGUENT,ANGUENT
352,169,GOUTTES AURICULAIRE,GTTES AURICU.
353,170,POUDRE SOL.INJ.IM/SC,PDE.SOLINJIM/SC
354,171,SERINGUES PREREMPLIES,SERINGUES PRER.
355,172,SUSP.INHAL.,SUSP.INHAL.
356,173,COMPRIME LP.,COMP.LP.
357,174,PATE ENDODONTIQUE,PATE ENDODONTIQ
358,175,GELULES LP.,GLES.LP.
359,176,INJ.HUIL.,INJ.HUIL.
360,177,COMPRIME VAGINALE,COMP.VAGINALE
361,178,LYOPHILISAT POUR PERFUSION,LYOPHILI.PERF.
362,179,LYOPHILISAT ORALE,LYOPHILI.ORAL.
363,180,CREME DERMIQUE,CRE.DERM.
364,181,COPRIME SEC.LP.,COMP.SEC.LP.
365,182,SUSP.APPLIC.ENDO.SINUSIENNE,SUSP.APPL.END.S
366,183,SUPPOSITOIRE NOURISSON,SUPPO.NOURIS
367,184,COMPRESSE,COMPRESSE
368,185,TULLE,TULLE
369,186,GEL MOUSSANT,GEL MOUSSANT
370,187,EMUL DERMIQUE,EMUL DERM.
371,188,POUDRE EFFER.,PDRE EFFER.
372,189,SOLUTION GINGIVALE,SOL.GING.
373,190,POMMADE DECONGESTIONNANTE,PDE.DECONGEST.
374,191,GELULES … MICROGRANULE,GLES MICROG.
375,192,SOL.ADM.ENDONASALE,SOL.ADM.END.
376,193,SOLUTION BUVABLE SACHET,SOL.BUV.SACHET
377,194,GLES.MICRONI.GASTRO.RESIST,GLES.MIC.GAS.RE
378,195,GELEE,GELEE
379,196,BAUME,BAUME
380,197,SPRAY NASAL,SPRAY NASAL
381,198,PULVER.NASAL,PULVER.NASAL
382,199,LYOPH SOL INJ IM/SC,LYOPH.SOL.INJ.S
383,200,COMP. DISPERSIBLE,COMP.DISPERSIBL
384,201,SOLUTION INJECTABLE SER-PR‚-RMP,SOL.INJ.SER-PRE-RMP
385,202,PDRE P/INHAL GELULES,PDRE.INHAL EN GLES
386,203,SOL.INJ.IM/IV,SOL.INJ.IM.IV
387,204,COMP.ENROBES.LP,COMP.ENROBES.LP
388,205,GEL P/APPLICAT LOCALE,GEL.APPL.LOCALE
389,206,SUSP.INHAL.BUCCALE,SUSP.INHAL.BUCCALE
390,207,PDRE POUR SOL EN SACHET,PDRE SOL SACHET
391,208,PDRE POUR USAGE PARENTERAL IM/IV,PDRE USAGE PARENTERA
392,209,GEL BUV.,GEL BUV
393,210,CAPS A GRAN.GASTRO RESIST,CAPS A GRAN.GASTRO.R
394,211,GLES A GRAN.GASTRO RESIST,GLES A GRAN.GASTRO.R
395,212,PDRE INHAL,PDRE INHAL
